keyword,language,topic,topicColor,keywordColor,limitPages,ratioNew
'Putin',de,Energiepolitik,#11079a,#0c056f,3,0.361902846231949
'Gasspeicher',de,Krise,#034445,#034444,3,0.2992580489062347
'Öl',de,Energietransitionen,#f00ced,#460345,3,0.2543544063433268
'Krieg',de,Russland,#47c408,#379907,3,0.2396573683270173
'Gas',de,Energietransitionen,#f00ced,#9b0799,3,0.2170685785257675
'Bayern',de,Energiepolitik,#11079a,#1a0bef,3,0.2053399564936232
'Energiepreise',de,Krise,#034445,#056e6f,3,0.1912262535691418
'Winter',de,Winter,#f00b20,#9b0815,3,0.1821743898614005
'Inflation',de,Krise,#034445,#011a1a,3,0.1764194060823847
'Kälte',de,Winter,#f00b20,#c50a1b,3,0.1726164992360974
'Windräder',de,Energietransitionen,#f00ced,#70056f,3,0.1616320593316258
'Abhängigkeit',de,Russland,#47c408,#286f05,3,0.1571020008267124
'Heizen',de,Krise,#034445,#0beeee,3,0.1388274701109102
'Energie sparen',de,Krise,#034445,#08c4c4,3,0.1088994609051551
'Fossile Energie',de,Energiepolitik,#11079a,#070344,2,0.0464535656546318
'nachhaltige Energie',de,Energietransitionen,#f00ced,#9a0799,3,0.0385331285256142
'Nachhaltige Energie',de,Energietransitionen,#f00ced,#9a0799,3,0.0384000705959764
'fossile Energie',de,Energiepolitik,#11079a,#070344,2,0.0374225516903043
