day,sentiment_mean,sentiment_std,subjectivity_mean,subjectivity_std,counting
000-00-00,0.0,1.0,0.0,1.0,10.0
2022-01-11,0.25067591727765215,1.0,-0.4308748135190238,1.0,1.0
2022-01-28,0.9387377865811372,1.0,-0.5586417162037238,1.0,1.0
2022-01-31,0.25067591727765215,1.0,-0.4308748135190238,1.0,1.0
2022-02-01,-0.9502941384809964,1.0,-0.49735613310859844,1.0,1.0
2022-02-02,-0.15517959794666705,0.22223130036519032,0.013945047009646216,0.8502248354463122,2.0
2022-02-03,-0.17925086194956488,1.0,1.3213632993061961,1.0,1.0
2022-02-21,-2.137995078124517,1.0,-0.5586417162037238,1.0,1.0
2022-02-24,0.6712536067264897,1.0,-0.49461411181997444,1.0,1.0
2022-03-17,0.7000158550589698,1.0,-0.672585269020502,1.0,1.0
2022-03-19,-0.19479537409989323,1.0,-0.5586417162037238,1.0,1.0
2022-03-23,0.25067591727765215,1.0,-0.4308748135190238,1.0,1.0
2022-03-28,-0.5000742353344059,1.0,-0.4770828108724169,1.0,1.0
2022-03-30,0.5773502691896256,1.0,,1.0,1.0
2022-04-04,1.1232459228702096,1.0,2.1098977963014804,1.0,1.0
2022-04-06,-1.6680633647246146,1.0,-0.6368512263165842,1.0,1.0
2022-04-12,0.33850233866002166,1.0,-0.4770828108724169,1.0,1.0
2022-04-13,0.0468130319869333,1.0,-0.38135720805607015,1.0,1.0
2022-04-19,0.09171548530522891,0.6867912977294408,-0.4308748135190238,1.0,2.0
2022-04-27,-1.409295189115283,1.0,-0.5586417162037238,1.0,1.0
2022-04-30,-0.5249598508696136,0.6015135180823163,-0.545758119077675,0.06845074500326037,2.0
2022-05-01,-0.4560883514317457,0.5284511382269509,-0.41078203920926054,0.0,2.0
2022-05-05,0.485324522308725,1.0,-0.5586417162037238,1.0,1.0
2022-05-10,-0.15498349863747576,1.0,0.7475270367895167,1.0,1.0
2022-05-11,0.5507534105412446,2.0565992561351263,-0.41078203920926054,1.0,2.0
2022-05-16,-1.1753157355770747,1.0,-0.4895026413799631,1.0,1.0
2022-05-19,-0.5000742353344059,1.0,-0.4770828108724169,1.0,1.0
2022-05-25,0.7520277518329563,0.7090185639487434,1.7234992540760956,1.2545420690426685,2.0
2022-05-27,0.729739288827383,1.0,-0.7413287780612411,1.0,1.0
2022-06-07,-1.4564506110302398,1.0,1.945295923990074,1.0,1.0
2022-06-15,-0.17925086194956488,1.0,1.3213632993061961,1.0,1.0
2022-06-17,0.4710138960286115,1.6661142398298532,-0.5941601050467517,1.0,2.0
2022-06-18,-0.3523918430499359,1.0,0.17542325632428651,1.0,1.0
2022-06-19,0.729739288827383,1.0,-0.7413287780612411,1.0,1.0
2022-06-21,-0.233804952958887,1.0,-0.5014048121306226,1.0,1.0
2022-06-28,0.25067591727765215,1.0,-0.4308748135190238,1.0,1.0
2022-06-29,0.5863000582911195,1.0,-0.5014048121306226,1.0,1.0
2022-06-30,-0.17925086194956488,1.0,-0.7413287780612411,1.0,1.0
2022-07-01,0.7933992589081013,0.292882498269162,-0.14194256635892308,0.5083563831314282,2.0
2022-07-03,0.2005003165484407,0.5370492669590455,-0.5760554086352508,0.2337318405413343,2.0
2022-07-04,-0.9999909380470978,0.32336042629826106,-0.5797885056460531,0.16539980254309872,4.0
2022-07-05,-0.41571158885524395,1.0,1.5050028561273796,1.0,1.0
2022-07-08,-1.2283447017486906,1.1257462569951753,0.3985714152744747,1.2364402795272433,4.0
2022-07-09,-1.166395226112205,1.0,1.3478266910808667,1.0,1.0
2022-07-10,-0.4545479814018052,0.39213890729281997,-0.4990183694384591,0.12478501490416367,2.0
2022-07-12,-0.002522652228636324,0.8837871479152377,-0.5756332231592426,0.11912446637948619,5.0
2022-07-13,-0.45049904594239926,1.8201220525008166,-0.2068040401114323,0.4109027104924811,2.0
2022-07-14,-0.7240839669215593,0.9074541723091704,-0.626862567999797,0.30558401438032673,2.0
2022-07-15,-1.054316075524905,1.0,-0.6402396194495761,1.0,1.0
2022-07-17,1.8416054528457253,1.0,-0.49735613310859844,1.0,1.0
2022-07-18,0.20346113961662757,0.2877375030617205,-0.3502592597741218,0.4953413955193241,2.0
2022-07-19,0.7805193975634402,0.5962653378896914,-0.11110892470987775,0.8003293270327365,3.0
2022-07-20,1.5065775018865186,1.0,-0.49735613310859844,1.0,1.0
2022-07-21,-0.8719149538310412,1.0,-0.4895026413799631,1.0,1.0
2022-07-22,-0.027752503486740243,1.071255166076937,-0.7413287780612411,0.0,2.0
2022-07-24,-0.5947018391861578,0.5875364065091457,-0.5760554086352508,0.23373184054133425,2.0
2022-07-25,0.04575389652951493,1.5260976186883541,0.9431830760347207,2.43640004571482,3.0
2022-07-26,-0.10012990244977513,0.11189393399257504,0.45939203877387386,1.6980756637919205,2.0
2022-07-28,-1.3355389890045517,1.808288017833016,-0.4641154733138111,0.047009391904018316,2.0
2022-07-31,-0.27599142521432907,0.8949865448141547,-0.5404107853744351,0.14117929106495777,2.0
2022-08-02,-0.10781048685325655,1.0,-0.5558402393747844,1.0,1.0
2022-08-04,-0.10781048685325655,1.0,-0.5558402393747844,1.0,1.0
2022-08-05,-0.2975480639228469,0.8161540485777063,2.452619595297801,2.3529826398928977,3.0
2022-08-09,0.6712536067264897,1.0,1.4970001473825827,1.0,1.0
2022-08-10,-0.5973533175188329,0.7663199575845178,-0.5659478240050176,0.13544891577155455,4.0
2022-08-11,0.5850294774285714,1.0,1.27947946151563,1.0,1.0
2022-08-14,-0.49186212954588787,0.49038707378844815,-0.5687978762790873,0.10103388211128071,2.0
2022-08-16,0.00843548215938257,0.3425797086994166,0.6333293066936398,1.5050118999380764,2.0
2022-08-17,-0.233804952958887,1.0,-0.5014048121306226,1.0,1.0
2022-08-18,-1.6408457741305111,1.0,-0.41825397400197867,1.0,1.0
2022-08-22,0.729739288827383,1.0,-0.7413287780612411,1.0,1.0
2022-08-23,0.47426849677603317,0.9242159403831086,-0.6907841987554086,0.07148082955875076,2.0
2022-08-24,0.044110037090099224,0.3130700254445249,0.7066763351833081,1.5803247884533622,2.0
2022-08-25,1.1494888199574846,1.0,-0.5941601050467517,1.0,1.0
2022-08-27,-0.8878460036884445,0.4542161743701973,-0.19067860402803508,0.26966026787081626,2.0
2022-08-28,2.294906143349174,1.0,2.080130326208596,1.0,1.0
2022-08-29,0.8453188802913125,1.0,-0.41078203920926054,1.0,1.0
2022-08-31,-0.5276767753581396,0.6890551271013594,-0.4718262319302206,0.24475794261115424,3.0
2022-09-01,0.729739288827383,1.0,-0.7413287780612411,1.0,1.0
2022-09-02,-2.5769621279589057,1.0,-0.5014048121306226,1.0,1.0
2022-09-05,0.10046697217698242,2.175431643925258,-0.6642917388644494,0.10894682563717058,2.0
2022-09-06,-0.17925086194956488,1.0,-0.7413287780612411,1.0,1.0
2022-09-07,-0.24415849538773543,0.534291769214235,0.004265550897906201,1.1551142195936346,4.0
2022-09-10,-0.08774107937347612,1.0,-0.38135720805607015,1.0,1.0
2022-09-12,0.7293518992466834,1.0,-0.41078203920926054,1.0,1.0
2022-09-15,-1.1160910231798769,1.2477409263993848,0.5708465937657594,1.5933757999745495,2.0
2022-09-19,0.09501668478492324,0.46782504814410986,0.14417233644972557,1.0514776121557605,3.0
2022-09-20,-1.3062248312083276,1.0428506434990426,-0.6540503042501752,0.12343040136683439,2.0
2022-09-21,-0.673528603446726,0.4938590970962573,0.0435929704886576,0.9906018489409407,3.0
2022-09-22,-1.4778082202023477,1.0,-0.7413287780612411,1.0,1.0
2022-09-24,-1.2837776247993387,1.0,-0.38135720805607015,1.0,1.0
2022-09-25,-0.15948937802768431,0.612074430086185,0.17644386106156448,1.5779756872447934,4.0
2022-09-26,-0.44130981401991193,0.8518817272261231,0.31936140727083295,1.2366699161142758,7.0
2022-09-27,-0.36463973291013246,0.8064450043882198,0.11254160898905705,1.303344954453267,15.0
2022-09-28,-0.22574110588439975,1.3756691414028668,-0.41059687148308155,0.40795901737590873,14.0
2022-09-29,-0.03473664110936047,0.7243458321615855,-0.004726823864987293,0.8295295769229516,31.0
2022-09-30,-0.03254423514379466,0.6405662778941928,0.0016632338452675182,0.9242015835499084,25.0
2022-10-01,-0.3516195679169435,1.6914291297209194,0.7916380817515357,1.4264731498404495,8.0
2022-10-02,0.2522545272095152,0.844157706774212,0.566093405598935,1.2768217856310153,12.0
2022-10-03,-0.22928900908167085,0.727824996524307,-0.39651764455683247,0.373080029814861,11.0
2022-10-04,-0.13053535446467135,0.8555810149376586,-0.154028475936896,0.9214799720130039,14.0
2022-10-05,-0.03477875866569067,0.6876268611987801,-0.10050853813278955,1.0803200200806755,20.0
2022-10-06,0.10097139423219437,0.8001622546695134,0.4785886160245953,1.2465528046508598,29.0
2022-10-07,-0.04043629874308883,0.8694414351114649,0.11171426402352279,1.1749977985504694,30.0
2022-10-08,-0.2701315688539217,1.0131602863776323,0.02523230191717431,0.9956219928331845,14.0
2022-10-09,-0.001945046901477448,0.7543855131178943,0.0943988313594993,1.088348744515922,23.0
2022-10-10,0.19335454387973341,1.2196882967263831,-0.014618098599485398,1.1097136249670192,46.0
2022-10-11,-0.2544918902157021,1.2756142852454917,0.00315973056117059,0.9168716285399217,41.0
2022-10-12,0.044791488234852544,0.8342681691690056,-0.0751081976377752,0.906061854253711,53.0
2022-10-13,0.14309000942421923,1.3156203346409423,0.025585047437586272,1.1225294703750461,66.0
2022-10-14,-0.19452512775402325,0.8720901416248547,0.00350687064140762,0.9258675203935612,39.0
2022-10-15,0.3215680558166268,0.9453005835220155,0.1476404935578094,1.6203921886049184,17.0
2022-10-16,-0.10809920701044992,0.9054581717225205,-0.01972780005644373,1.0221817423919686,21.0
2022-10-17,-0.23985499602894783,0.8757291400381657,0.32239133794202035,1.1150928171753265,32.0
2022-10-18,-0.12053830684409111,1.029258433753028,0.27983293395750364,1.2020610085079948,58.0
2022-10-19,0.12771383369981484,1.0248328208287916,0.1784653638229797,1.0409296678957045,57.0
2022-10-20,0.07224637276348424,0.8456735258863027,0.1293631235732945,1.0747744041519967,96.0
2022-10-21,-0.007962844215283696,1.0008763451893894,-0.19928549680281304,0.6499991204745146,75.0
2022-10-22,-0.1829260542642298,0.6638880750544843,-0.14199396675631631,0.7712272951105739,36.0
2022-10-23,-0.1166736515304239,0.7987574676764293,-0.0002445805757545355,0.8929985767766496,24.0
2022-10-24,0.1030131779260655,0.8914351869578554,0.23642550732002,1.256194762487265,62.0
2022-10-25,-0.16983190875883122,1.0497742759624007,-0.05879351241891893,0.7969031099658933,61.0
2022-10-26,0.12174800555320038,0.8841838754958369,-0.10669817202590655,0.7680604344256053,76.0
2022-10-27,-0.1025698476909513,1.014847424900003,-0.06818655249304276,0.9547790159500708,74.0
2022-10-28,0.07104440358827487,0.8459837940286161,0.12985713720826064,1.2505053028949404,62.0
2022-10-29,0.024679767966132884,0.8400183762004171,-0.037546433787359265,0.7941065254096167,56.0
2022-10-30,-0.3208883117926016,0.9915902371679084,-0.14541046629144527,0.6974683705203647,30.0
2022-10-31,0.03421026002380938,0.8780664813126626,0.01649972751966979,1.0294546996003,80.0
2022-11-01,-0.14260704603051388,0.8436572221767074,-0.056865875337446185,0.8172462234457102,50.0
2022-11-02,0.10405082723835758,0.9718671250915184,-0.006515325310169632,1.0107449579882783,69.0
2022-11-03,0.051615772535859736,0.9163063985757682,0.06796928340938035,1.0429977886675341,55.0
2022-11-04,0.10707879232701562,1.3771065348771545,0.24267363987800641,1.3802978220822109,48.0
2022-11-05,0.00786888398450306,0.8041737484643284,0.36413936829940424,1.1927672348276697,43.0
2022-11-06,-0.025293902753483078,0.9562880975063346,0.2689012647578785,1.317892584393614,51.0
2022-11-07,0.289373588452314,1.0958138234525345,0.5502393165034647,1.4215738315853834,65.0
2022-11-08,-0.10043596211676195,1.0563902585568559,-0.008451013997966689,0.9580079942917428,74.0
2022-11-09,-0.07111865629478432,1.0863077858893502,0.21591811126313887,1.1531685007102752,66.0
2022-11-10,0.03368621175624882,1.31818129588674,-0.005089999270390854,0.9575576344801241,80.0
2022-11-11,0.023654462550486872,0.8025473949489623,-0.10009781358268233,0.9205505087937018,53.0
2022-11-12,0.0520787932348153,0.7299208311684199,0.1562520477468843,1.3506250748153676,22.0
2022-11-13,0.10017109929218912,1.310770605129172,0.08841287678605403,0.9439976929060422,20.0
2022-11-14,0.07546831049616064,0.8833721406225057,-0.07734657995959898,0.877649510606817,54.0
2022-11-15,-0.028063581520283612,0.918159094473531,-0.035805009557481095,0.8922396003531411,81.0
2022-11-16,-0.15895499583187764,0.9971071378092088,0.3373580378871646,1.419346347132288,62.0
2022-11-17,-0.11887249076965997,0.9599572250791624,0.028552694294467544,0.875953591849153,49.0
2022-11-18,0.29544778255509535,1.1407127276693678,-0.01623054752184123,0.8016746190364615,76.0
2022-11-19,-0.7332329194869034,0.9091415255957769,0.009244769272558458,1.0006960612369942,37.0
2022-11-20,0.4592266444203026,1.1567893868341452,0.051765350757634825,1.0474038746323582,24.0
2022-11-21,-0.4002877006074659,0.8865230017570614,-0.05753861400904648,1.0262300817763186,42.0
2022-11-22,0.3223276114804364,1.0032897262513403,-0.22301474873721924,0.6298805853399254,42.0
2022-11-23,0.2031736054445983,0.9524341721078918,0.09173579148536823,1.051466788794023,58.0
2022-11-24,-0.1114705386870536,0.9782595144507054,-0.026177873204209286,0.9524462716200328,158.0
2022-11-25,-0.13801705153038973,0.9523422850437628,-0.0970156454435507,1.1270986044971463,87.0
2022-11-26,-0.08824863520404293,0.9200004021998454,0.1563946175843699,1.121872935032093,37.0
2022-11-27,-0.11222937612089955,0.7465936781720606,0.18819314411566573,0.9355933553321563,41.0
2022-11-28,-0.19411629423790291,1.0496705199263454,0.29869410570217786,1.483796818150742,55.0
2022-11-29,-0.025754404576487158,1.02075379698872,-0.03725735219540148,1.0008912265604628,82.0
2022-11-30,0.0646636257226221,0.9023649321644147,0.16207457375789597,1.0294234186499007,58.0
2022-12-01,0.10690295522321408,1.0050021785838446,-0.139412621832643,0.6527495904665865,71.0
2022-12-02,-0.13726414772785922,0.9054045762232132,-0.0643711430943806,0.9119162557365182,81.0
2022-12-03,-0.15900888354321824,1.1459222438545655,0.05852603819008554,1.1972669396504936,61.0
2022-12-04,-0.055229445842085584,0.8920971213158465,0.2810423555446779,1.2411758493289347,38.0
2022-12-05,0.044912558095145515,0.9735389710743985,-0.013792200299305377,0.8033694488572244,81.0
2022-12-06,0.025921754062944648,1.032517485286391,0.11272185426205217,1.2286244080170943,56.0
2022-12-07,0.30152487713069787,0.9724864994806015,-0.035376260809372034,0.8247483630470387,26.0
2022-12-08,0.11502878456839902,1.0380639048190545,-0.09732261150099034,0.7003260407154372,58.0
2022-12-09,-0.020750754357857303,0.9764549561773713,0.05622647093191971,1.002583975119745,68.0
2022-12-10,0.4135415816214953,1.0655464647953796,-0.2589654491847736,0.5202244393352552,24.0
2022-12-11,-0.15433969627005456,0.9484076715619194,0.059420505209987054,0.9330763084760586,58.0
2022-12-12,-0.10191446518928936,1.0297561836940348,0.34959891568615503,1.3410437061910823,72.0
2022-12-13,0.25735624577328514,0.8988744327167628,0.2623278390484989,1.2229581275857788,72.0
2022-12-14,-0.11942369850993165,1.1054495452911057,-0.009793656965028163,0.9679864545094422,58.0
2022-12-15,0.05065447631578425,0.9923247631238586,-0.03303105964462634,0.9156346155013073,62.0
2022-12-16,0.050811263582265696,0.8385982110579703,0.007777415944269817,0.9257006732526288,64.0
2022-12-17,0.007093631139702045,1.0208842421934996,-0.03397137388005152,0.9297502639862731,56.0
2022-12-18,-0.48293070716236514,1.117210310734942,0.18327314016128476,0.8874027548941978,22.0
2022-12-19,0.07291804634952662,1.2671625343723605,-0.11961821264422841,1.1499623256346863,81.0
2022-12-20,0.048135553301516185,0.8669029104727933,-0.1948321806555169,0.6865794887732426,58.0
2022-12-21,0.06754391224978767,0.7316028564600482,-0.13908332854881283,0.7249923104528027,49.0
2022-12-22,-0.17984849215039342,0.9656372285944292,0.4188959200202183,1.3366879386968011,38.0
2022-12-23,-0.05748541951795916,0.8527394105886801,-0.17885236928015455,0.8549388980049766,53.0
2022-12-24,0.3198256392012027,0.9465416747309057,0.6251170379427956,1.300176009842408,20.0
2022-12-25,0.30411641904643055,1.4513363876583532,0.14616832776535116,1.0101103430684295,27.0
2022-12-26,0.06810063371505615,0.8839723638396861,-0.058794152498780734,1.074168589068129,51.0
2022-12-27,-0.01014787542213747,0.9416912293442332,-0.15240669392767706,0.6592860441451005,30.0
2022-12-28,0.17284076698137313,0.9491427792935697,-0.29651599883987106,0.49180960444468486,40.0
2022-12-29,0.40050940746858976,1.19404007248125,0.15899104435311884,1.2164524496026288,45.0
2022-12-30,0.0902549444116346,0.9999369442170131,0.16933502686730464,1.2298270286106916,22.0
2022-12-31,0.3303009869947379,1.3471165922684647,0.22286213762467338,0.8425903914092666,10.0
2023-01-01,-0.01355823286429768,0.769191307624583,0.13310941394503578,1.1120329675610479,48.0
2023-01-02,-0.1699690698493914,0.6687507884508265,0.23724068757370592,1.3806870786828456,27.0
2023-01-03,-0.14003592754942787,0.8442996223517187,0.29927908835475486,1.3009415232360597,76.0
2023-01-04,-0.09065596890932992,1.1581482386734199,0.3895795375618988,1.23666216356556,40.0
2023-01-05,0.06269881023003711,1.1090290437724268,0.04056114093950205,1.2987699273878954,43.0
2023-01-06,-0.17011060212028462,1.0296901849385864,0.31792810579986247,1.394346304455665,37.0
2023-01-07,0.1098728729644544,1.1196847088622728,-0.3452889192189687,0.1085242354411543,7.0
2023-01-08,-0.6979335829901542,1.0028267461367821,0.9755310912617365,1.6312475830710331,13.0
2023-01-09,-0.10039438899368713,0.8415621935255944,0.0895684811655881,0.8584167921003601,17.0
2023-01-10,0.46732233417196933,1.0253255430962993,-0.27490163864605355,0.5555287616131702,55.0
2023-01-11,0.09589568183839461,1.1545806262455087,-0.0176219378069754,1.1299253712145498,29.0
2023-01-12,0.024512098220611216,0.7853538420181466,-0.10365587432754074,0.8964090102220234,46.0
2023-01-13,0.22956302503501272,1.062784889752881,-0.07954256160323368,0.9027980435223544,43.0
2023-01-14,0.1714464839626062,1.0419444188644145,-0.23400266233108624,0.3390317154819605,12.0
2023-01-15,-0.33805372081795787,1.0613206647731313,0.12214744842243119,1.2898536918805645,22.0
2023-01-16,0.2722419220638003,0.7428173697370477,0.049473594470514415,0.9797096060783209,41.0
2023-01-17,0.41650878526808355,1.2744344678197341,0.031092962705255665,1.0707309299623102,55.0
2023-01-18,0.03438180554149224,1.009673249828193,-0.2853359695880145,0.3627297128319688,45.0
2023-01-19,0.10561546434004855,1.248564293556491,-0.17358807861268952,0.8719483775891843,37.0
2023-01-20,0.09331111026438116,0.8516770401164785,0.13640631315996105,1.3647599082484516,41.0
2023-01-21,0.09314666632622882,0.8294440731576076,-0.43527847611586384,0.2580014278051541,11.0
2023-01-22,-0.08345711942070358,1.094902478209698,0.1572195627082531,1.2373354175184812,28.0
2023-01-23,-0.14512313526676232,0.7160933839995355,-0.009758677634427134,0.8784882790809665,43.0
2023-01-24,0.21715596496874176,0.691164191072522,0.3659306144574049,1.2822621917936807,25.0
2023-01-25,-0.0946472724947123,0.6449508021074674,0.5118060313405237,1.3353499753718603,20.0
2023-01-26,0.08220155220827983,0.9743430997833441,-0.12038839305312074,0.8300116220901899,28.0
2023-01-27,0.07273731007377418,1.003386091053717,-0.07498534390488232,0.7857875838504327,47.0
2023-01-28,0.16125907378434837,1.1119122692882812,0.15764871781340356,1.2444157896848722,37.0
2023-01-29,-0.29608072890383774,1.1071688208278558,-0.1978799358019785,0.7930611882217403,23.0
2023-01-30,0.2651255725667526,1.2358122473096522,-0.23259866790713835,0.7527921305837267,20.0
2023-01-31,0.07594415692654516,0.7845526379626517,0.1926276618097532,1.1933012475723392,50.0
2023-02-01,0.06742363422514731,1.129698458255162,0.1872982025480685,1.484191089846303,29.0
2023-02-02,0.12558301139761563,0.8779490904277206,0.11067023915880218,1.1153814757153238,60.0
2023-02-03,0.4749565132822245,0.8764097015855407,-0.11572292680159835,0.6466471845380439,29.0
2023-02-04,0.10221388583421588,1.1137352470534023,-0.2056235506958479,0.7057030417099842,42.0
2023-02-05,-0.061151582831530625,0.8220898975879909,-0.2657615558351519,0.7186609039342867,62.0
2023-02-06,-0.04604013041703679,0.764897437563532,0.000165419902577817,0.7771536047081967,27.0
2023-02-07,-0.11288378382027633,0.8578112082363939,0.04520848939472959,1.0348774633680875,27.0
2023-02-08,0.2436890630559205,0.7436177809668677,-0.001498975192801048,1.0365780373406313,24.0
2023-02-09,-0.049664124270767405,0.8296716019576632,0.0654906236859837,1.1764937380099318,38.0
2023-02-10,0.06454569909514415,0.8841329722442856,0.21636447873498113,1.059795178679073,38.0
2023-02-11,-0.09010000883343353,0.6942192400324053,-0.08171617204192734,0.6082112231726772,5.0
2023-02-12,-0.017163527379182416,0.8769397321796268,-0.01908408353353193,0.8888886014549349,37.0
2023-02-13,0.26909197423482817,1.2060545704798498,-0.043214088923291386,1.1118454588531692,43.0
2023-02-14,0.1265586277275905,0.6426511579152304,-0.33658703389519135,0.4493715522688004,19.0
2023-02-15,-0.1791242417245318,1.002721404722908,0.2688905420166739,1.1635923612688541,56.0
2023-02-16,0.29830698510433046,1.1951185926853152,0.12557455058049508,1.2733504370829034,24.0
2023-02-17,-0.049296235706673505,1.1050469254764006,-0.12848014296389634,0.9224092038666484,63.0
2023-02-18,0.7376951845848745,1.273216497725721,-0.2668927849665398,0.560579870274537,10.0
2023-02-19,0.33753499153917055,0.959640413608205,-0.09601411424740289,1.2306647621748312,32.0
2023-02-20,-0.5073703731821473,1.2847489849610738,-0.023316792625943675,0.9740913127784586,34.0
2023-02-21,-0.30263748250991007,1.0264178872466452,-0.08527785701917516,0.9203509871335457,49.0
2023-02-22,-0.15344283503278985,0.8684017954390025,0.14573759348906987,0.999212281963085,39.0
2023-02-23,-0.1391163819509398,1.0696663106816944,-0.06918518919704325,1.023364832079582,34.0
2023-02-24,-0.07883821754266647,0.8813359290089299,0.012855508879989921,1.0413816289716749,62.0
2023-02-25,-0.023038408225806876,1.0786487483572051,-0.0590914646907619,1.1485583395761434,36.0
2023-02-26,0.17011140924417778,1.156374387753428,0.1413643619902008,1.2548430830259014,21.0
2023-02-27,0.018254317316356166,1.0153968134087328,-0.28815403335369794,0.41118166640277554,28.0
2023-02-28,-0.12235443688698103,1.0698766935205317,0.11668327746585296,1.04118473832088,38.0
2023-03-01,-0.05482479358598217,0.9167396905523089,0.03033774555611612,1.0973443749340501,39.0
2023-03-02,-0.14392820744389287,0.9145876496564261,0.20353345232322742,1.1685129092750581,59.0
2023-03-03,-0.20992688552331173,1.1914116962057233,0.4678975009996003,1.38799034062412,29.0
2023-03-04,-0.05442184962058438,1.0219815561852865,-0.23418291471656744,0.4286137161980162,28.0
2023-03-05,-0.03545088054248607,1.2811669585780117,0.12149989641290242,1.149806962822821,46.0
2023-03-06,0.0018564612268977237,1.0407717091900535,0.2665789945634997,1.1811711411709807,51.0
2023-03-07,-0.017542503844978203,0.9019066581762466,-0.3466011542676727,0.2837250132348784,18.0
2023-03-08,-0.09209874330799749,1.08897007906897,0.24830340485100777,0.8307621556540716,28.0
2023-03-09,-0.03169760736354719,0.854492630053417,-0.018505010343812786,1.1254618134176764,38.0
2023-03-10,0.17707229357228824,0.9910510264228212,-0.007051053153954474,0.986884950210941,42.0
2023-03-11,0.15736469863833125,0.9096491523214111,0.24910813411399327,1.2324928396725645,19.0
2023-03-12,-0.22379269619725659,0.5926699735454004,0.3123010556104111,1.1398902087906793,14.0
2023-03-13,-0.23875075101748475,1.13236209163002,0.42832792929856517,1.1340697750463908,24.0
2023-03-14,-0.0369015792851069,1.1106574568870353,-0.09813362849689912,0.7367562192908268,37.0
2023-03-15,0.006156507792249923,0.773172598251773,0.2935344671614639,1.2051703316051225,33.0
2023-03-16,0.07654404880239325,1.1442808311525627,-0.15295517818517756,1.0003232917358582,20.0
2023-03-17,0.13133619110111452,0.768118635804815,-0.10965908816421252,0.7612420195975398,76.0
2023-03-18,0.44684131692849116,0.9500374744718272,-0.28335046604547476,0.42103459616113287,20.0
2023-03-19,0.16447070289772775,0.7551804711674525,-0.17897344833132856,0.6364604801281475,42.0
2023-03-20,-0.15839661332006558,0.7731173891319614,-0.1315783130748591,0.8575744429154962,41.0
2023-03-21,0.11538844873131304,1.1463999894781316,-0.0024245658155914603,0.8473077209621666,35.0
2023-03-22,0.17568051016403732,1.0377084855128527,0.5067940136926252,1.6712402350641198,40.0
2023-03-23,0.5302801096107814,0.9657660128346188,0.21967562105510754,1.2696298654391214,24.0
2023-03-24,-0.10936994623657614,0.8992427059369975,-0.2279075468393377,0.6948614292561742,25.0
2023-03-25,0.36127172260088336,1.0923489061752494,-0.057639396620278026,0.941692735020494,72.0
2023-03-26,0.18060659401474793,0.4417775924722498,0.2742347876821045,1.3551342754858693,16.0
2023-03-27,0.019250627046570063,0.7790333940097429,-0.17489398321782962,0.5260609686506453,24.0
2023-03-28,0.6051746332025498,1.184592106238794,0.16746979402345233,0.9442117076963746,17.0
2023-03-29,0.1437787663800284,1.2431555829762784,0.013004289810254388,0.8524921356920439,32.0
2023-03-30,-0.006943397802889511,0.7964051577860696,-0.036282197768107774,1.0973108081692868,54.0
2023-03-31,0.038785993782923356,0.8311523342292961,-0.1838632508216596,0.8437730858330394,58.0
2023-04-01,-0.04748023761832143,0.8034433359350444,-0.35548158965601456,0.1971214263908286,18.0
2023-04-02,-0.3937534221683347,1.0919875182592618,0.09079598273625378,0.8507264667731681,10.0
2023-04-03,0.28467807012193824,1.0091675664972837,-0.2835664294093897,0.5484639034069758,33.0
2023-04-04,0.05206608250017233,0.9884806791073281,0.020228673969877643,1.0773287835643228,29.0
2023-04-05,-0.2339456094665701,0.8128520691743264,0.13864018108861906,1.1629493277853964,31.0
2023-04-06,0.22862409632450906,0.9073871801449986,-0.3539375631560149,0.4170307009012372,21.0
2023-04-07,-0.259883403128356,1.1618717068396878,-0.19637666524047936,0.513639645865513,27.0
2023-04-08,-0.150004264296555,0.9534132085433444,-0.10028894693578005,0.7110634863812323,55.0
2023-04-09,0.15478616297039446,0.8673894388857809,-0.21330975365463298,0.684498266142076,62.0
2023-04-10,0.5263152089162638,0.8633602035592198,-0.11296778657046072,0.7683296114341474,15.0
2023-04-11,-0.10497993200232705,1.009804523219001,-0.10557934095346166,0.782513621161725,37.0
2023-04-12,0.09131224624108353,0.9304272566921715,-0.1122330418159338,0.6387167193391883,32.0
2023-04-13,-0.037031307159544474,0.7154683270955942,0.027687496754587437,0.9334362172901742,60.0
2023-04-14,0.14000478054658322,1.051734006824895,0.09039607379910994,1.1487800892332283,43.0
2023-04-15,0.269772249680258,0.9734721551725631,-0.31205004881446197,0.43235818890622696,39.0
2023-04-16,0.04012924281701709,0.9923658964232808,-0.0009656680130158712,0.6622242026494197,13.0
2023-04-17,-0.10760007399713571,1.0730381308751284,0.08506648830166426,0.9649200536530393,51.0
2023-04-18,-0.07126556736590973,0.9590260590062226,-0.1508244747934903,0.8365771705137739,38.0
2023-04-19,-0.07579517179368356,1.0849323811193181,0.16657650319629141,1.178384770672773,39.0
2023-04-20,-0.18062763385142117,1.1876480521473216,-0.1852314043972636,0.7128804780705151,35.0
2023-04-21,0.24266312168700346,0.9679235215659032,0.2217797295335223,1.3562714095060289,19.0
2023-04-22,0.29502812124072625,0.6037638633340418,-0.4031740573039935,0.32865945122420515,24.0
2023-04-23,-0.7088506800086225,0.9799993245910668,0.11500646281776837,1.2627512314136058,30.0
2023-04-24,0.2486892140432042,1.0398175646793137,0.031620608362939735,0.7858728341070276,18.0
2023-04-25,-0.05160677483008133,0.7187279261469597,0.6156735150147591,1.4883891899383983,19.0
2023-04-26,-0.14222033978853738,1.256267031812775,-0.4221835304521618,0.14826453065480782,13.0
2023-04-27,0.1564860802821452,0.6803795080632152,-0.33291155852423926,0.6480424616034197,12.0
2023-04-28,0.043428664949615,0.6841218981097951,0.17397685897965165,1.3282649051557947,32.0
2023-04-29,-0.12914592894160667,1.105355458745081,0.08565973934694918,1.4950547233567424,16.0
2023-04-30,0.5463773763406367,1.073669046475383,0.15135044726456884,1.0154037465314902,11.0
2023-05-01,-0.21987235838205246,1.1761180229430739,-0.2481312515170399,0.847229120810761,20.0
2023-05-02,-0.06620241344149311,0.9782149327838491,0.31817032473482004,1.0704592970487616,33.0
2023-05-03,0.09137051836339544,1.060719954320853,-0.12063693317153608,0.7824823704482863,17.0
2023-05-04,0.16988320354341188,0.8200005270338272,-0.10033875874449083,0.7708169929542589,34.0
2023-05-05,-0.3591180855847753,0.8367306604235621,0.05865212900162124,0.9265059400327267,23.0
2023-05-06,-0.38265768307872705,1.171703859013282,0.026830002600952023,0.7152691278594484,32.0
2023-05-07,0.22231241508858476,1.1445167109459007,-0.180417542428577,0.6325813885060904,29.0
2023-05-08,0.031999858725062585,0.9621069463700234,-0.27676716183145006,0.5122974523711536,30.0
2023-05-09,-0.07056024489602325,1.0843732630443734,-0.3040744119560233,0.5577218059410407,36.0
2023-05-10,-0.08168753357095977,0.8215497709346262,-0.08904871582259731,0.8207121605992422,42.0
2023-05-11,-0.03168765370133607,0.8456438993925194,-0.24723669699354286,0.5539424299150201,62.0
2023-05-12,-0.057112996717721826,0.8023704553665397,-0.16537673359835864,0.7412428343209602,54.0
2023-05-13,0.028867411693795832,0.8076429915032596,-0.04821455841211155,1.0662702609460022,27.0
2023-05-14,-0.4051676606119672,0.9591654951763747,0.17551688341248975,0.8971115325526711,18.0
2023-05-15,0.3787760690358857,1.1110559103958297,-0.20617403741347173,0.46838145314930707,33.0
2023-05-16,0.1254558451596713,0.9672548060051921,-0.04918967784263798,1.1065887917441215,42.0
2023-05-17,-0.36462961293285645,0.9278879073685761,-0.04939293609834723,0.9342806507585597,40.0
2023-05-18,-0.2747167318685287,0.9730113201840855,-0.164867012730414,0.514852687286548,24.0
2023-05-19,0.18841947343561793,1.048711724932126,-0.30445740839299373,0.48104518452399353,39.0
2023-05-20,-0.266960517253779,0.6656489432254424,-0.04080220809804152,1.0027850036832722,38.0
2023-05-21,-0.019196188918565473,1.0135343208598309,0.035353470679514845,1.282968832656026,40.0
2023-05-22,-0.09509603518865388,1.264298767671586,-0.2631383848207427,0.4715955959729579,43.0
2023-05-23,-0.02807705752943617,0.9403825084307863,-0.1442659231719643,0.8401318447837934,67.0
2023-05-24,0.1574155962234071,1.0552982383907143,-0.055482217261682155,0.715033805324407,22.0
2023-05-25,-0.07138460841872199,0.838663696300375,0.2517512909346607,1.297056718733352,28.0
2023-05-26,0.20493067677390397,1.2847819926938573,-0.10165472023804983,0.946129982849275,27.0
2023-05-27,-0.20601673479104668,0.9366730619244494,-0.2289277500162153,0.5355022462114856,39.0
2023-05-28,-0.050166203242311753,0.9780302295720369,-0.3374914724078343,0.4329633496823789,39.0
2023-05-29,-0.3210346130246323,0.888776382264151,-0.23436440994616156,0.596083700846793,15.0
2023-05-30,-0.0029743370534350754,1.0682661090582908,0.21091413122847938,1.56116655696394,71.0
2023-05-31,0.2488549293854784,0.8007945816909856,0.027061112544742368,0.951651454196472,41.0
2023-06-01,0.25274680809053307,1.3728577564554054,-0.2996493011882623,0.5101791193698267,29.0
2023-06-02,0.1776903093633325,1.3055161675763158,-0.18388861518900573,0.6108360642598324,47.0
2023-06-03,0.08950201045304752,1.1832979046376615,0.14290208533131682,0.7834378786329494,13.0
2023-06-04,-0.3653291763216108,0.9867370404753617,0.0072546886951187885,1.2340825616210762,34.0
2023-06-05,0.15890135932217792,0.8821031947777307,-0.12478095184050927,0.8453408170779532,47.0
2023-06-06,0.04099797805265172,0.973756321699426,-0.012118403811777848,0.8326451105408624,37.0
2023-06-07,-0.1720954423944508,0.9268536897398638,-0.13395119575323577,0.6894130315850354,33.0
2023-06-08,0.5840076988706311,1.0850684905521664,-0.11806381081015864,1.0811251145236342,16.0
2023-06-09,0.02205788514279245,1.1646240257437208,0.009437734660052828,0.8685059139517736,53.0
2023-06-10,0.520227410744869,0.8808375483404522,-0.0837872994272586,0.8839788801134272,26.0
2023-06-11,-0.7623481472393823,0.47968790306060116,-0.05376915020518547,0.8243288188138752,3.0
2023-06-12,0.13010464835743699,0.9581558371557833,-0.22187993726165897,0.7270653217507562,37.0
2023-06-13,-0.0917959381500334,0.5925461190776997,-0.1956894306835451,0.720183137968199,42.0
2023-06-14,-0.2720903675135284,1.2561614501877345,0.053136728665611505,1.3051558799139134,41.0
2023-06-15,0.42763948375821914,0.8233055626046922,-0.30338415132971813,0.3691388954111016,17.0
2023-06-16,0.27019207381076704,0.9253500013670777,-0.04896839918812739,0.818532837342164,55.0
2023-06-17,-0.027984045527971377,1.3196387450927978,0.15256308883799166,1.067298136641639,27.0
2023-06-18,0.2512280378150593,0.7704631090324674,-0.36642632858210994,0.13337952267298958,21.0
2023-06-19,0.32644023399883915,1.017882509159377,-0.09659122971282863,0.9897336500259541,33.0
2023-06-20,-0.016554791377053835,0.8861361986200356,0.12887127295062697,1.2903603570182633,20.0
2023-06-21,0.12783952719483624,1.0942303426229898,0.11261037431109455,1.1700046728401265,23.0
2023-06-22,0.43521251230664737,1.0993749676969364,-0.09099015051318698,0.6454470579528181,26.0
2023-06-23,0.23632182626737766,1.0513633541565592,0.049883837869732404,1.1226014093158636,53.0
2023-06-24,-0.23961883591848074,1.1731362203950395,-0.23124804995767836,1.0733732628330885,23.0
2023-06-25,-0.06366897593114376,0.8926622103489711,0.10295619989034305,1.0308223199167803,47.0
2023-06-26,0.13892724648850138,1.1134825652724893,-0.01869751773978312,0.8508641664745458,34.0
2023-06-27,0.2109207593926555,0.8332324022948985,-0.1645114117424586,0.7696758090525553,53.0
2023-06-28,-0.049989528589163786,0.978502239611447,-0.1364379620556885,0.7572190658521107,40.0
2023-06-29,-0.230012377562447,1.0613557548833445,-0.19635763842726478,0.6629719607708421,76.0
2023-06-30,0.07180005268298069,0.6130189127453164,0.11287264871675708,1.056083812428146,26.0
2023-07-01,-0.13403858809266642,0.7832841516823532,-0.2234384941773492,0.5726852426317134,47.0
2023-07-02,0.18263332781741945,0.8753855188222717,0.19376562046517087,1.1568702187824473,17.0
2023-07-03,0.05285627281067495,1.1122687214222777,0.04033766627091539,0.9819450224460852,57.0
2023-07-04,-0.09434753166361419,1.0555445040610465,0.0014560905209647368,1.4727266987925303,31.0
2023-07-05,-0.059336421747893414,0.9510017225184896,0.04521380033419518,1.012325225537591,36.0
2023-07-06,-0.26623749391810764,0.9221440612938056,0.2329401239295289,0.8997168320577217,16.0
2023-07-07,0.0882790452144944,0.6064611124961746,-0.0408051794724048,0.8821505458406678,32.0
2023-07-08,0.43437512653478383,1.1589085485250923,-0.0193422685868746,0.5656793447213702,13.0
2023-07-09,0.03380065894785869,1.0606941240751055,-0.07556053913455812,1.0891188307499282,43.0
2023-07-10,0.24930764861593657,0.9852407784867018,0.027893971368336757,1.0412397930847563,56.0
2023-07-11,-0.3490223683748651,1.0804624912040126,-0.1737342150165021,0.8434428735719867,33.0
2023-07-12,-0.001968269964746484,1.070254193311695,-0.063578606914323,0.7433771024559411,48.0
2023-07-13,-0.16023775599535472,0.8637117531067202,0.00794792782547078,1.4550068466382144,24.0
2023-07-14,0.05604739825587285,0.9901413762017951,0.026493079312922854,1.1220548323118482,45.0
2023-07-15,-0.13264029303084618,0.6826212007189136,-0.2373539478280519,0.5304007804077692,18.0
2023-07-16,-0.8652213642215331,0.9504800359749159,0.0352006115605486,0.9845679325351715,27.0
2023-07-17,-0.08937672631391899,0.8850800212430224,-0.2552948981482609,0.6900982316813323,67.0
2023-07-18,-0.33249626697947937,1.0509939658313538,-0.021106611542406943,0.9817240252380373,33.0
2023-07-19,0.007678058368055526,0.7867432625909345,0.066467435840044,1.0566638154337662,64.0
2023-07-20,-0.02466395509785119,1.0597919785375358,0.4535314176754396,1.255465303521829,19.0
2023-07-21,-0.018694444289595012,0.8922201226845411,0.1603613750317214,1.249489795631262,59.0
2023-07-22,0.11203482904212224,1.0565181954454113,-0.023808586431536573,0.8986461647679386,26.0
2023-07-23,0.19976801839092753,0.8920850434293912,0.1604480399406713,1.0825737535265416,14.0
2023-07-24,-0.007020019263519324,0.7942275220425515,-0.23750853258088792,0.5667535769079924,24.0
2023-07-25,0.20105146683639277,1.090220626000519,0.18219553181348555,1.238567017866016,22.0
2023-07-26,-0.03601242244912157,1.1330753025298228,-0.16094839081970247,0.6558961708485735,51.0
2023-07-27,-0.019794809616259925,1.0297640396858532,-0.21575366986713826,0.678544484785589,48.0
2023-07-28,-0.018202265175604165,0.839895919634406,-0.05820519482893678,0.8130881006430434,68.0
2023-07-29,-0.7471703288053926,0.9339433697815286,-0.34416896283943915,0.37156434007411354,9.0
2023-07-30,-0.014572318409753749,0.8632350848079561,-0.22164134285914117,0.5651219233480167,17.0
2023-07-31,0.12347065606733146,0.8278473201347368,-0.07065079214999287,0.8312560847530659,65.0
2023-08-01,-0.006624823104620592,0.9024327163933925,-0.12792305819457297,0.5879740545389073,20.0
2023-08-02,-0.1785909199695779,0.991111027618324,-0.26483326071052055,0.5639096051094974,24.0
2023-08-03,-0.1360369865182582,0.9387677433548153,0.38512561235619713,1.5936583925682992,53.0
2023-08-04,0.11861824414404651,0.7459261218307681,0.2027252556865557,0.9312823710602788,15.0
2023-08-05,0.35879010210856277,0.7908197014004763,0.31770723219681135,0.8899282825757733,9.0
2023-08-06,0.19039841813871425,0.3544321797901318,-0.39854075957452934,0.14336676673833373,5.0
2023-08-07,-0.28400322032755715,1.0828588858601427,0.03319825216796214,1.0557081324930901,31.0
2023-08-08,-0.3409155805743223,0.7285252034710776,-0.24557788025543242,0.5560107027358274,29.0
2023-08-09,0.1802359395478456,1.1594203395886322,0.22593470239714267,1.3849577693706885,25.0
2023-08-10,0.0395074416537784,0.5629196016464869,0.08919860060182791,1.3687925061075552,35.0
2023-08-11,-0.3136696019011368,1.2154875727447245,-0.3305391664421225,0.3621269164279276,14.0
2023-08-12,0.10150040742682603,0.9226613548415892,0.1381319367009739,0.9554153837034931,11.0
2023-08-13,-0.3154985830200205,1.1747395920710664,0.06615229675899659,1.1947437262389744,25.0
2023-08-14,-0.16672234012281062,1.0277083109909946,-0.167964067068102,0.6816005134911272,22.0
2023-08-15,0.20577484475845056,0.8275304840020384,-0.25421173109411477,0.5686177909475234,19.0
2023-08-16,-0.0856912613249452,0.8387515669463931,0.09656453170991419,1.357458746820723,29.0
2023-08-17,-0.21759164173956003,0.8346883502692862,0.0921715762114912,1.0541456940019034,31.0
2023-08-18,-0.27962851744437034,1.4848511540545768,-0.20013853424502653,0.6266278042111827,32.0
2023-08-19,-0.04024243040206874,1.0680435123544914,-0.4231166359800434,0.3217417600891978,31.0
2023-08-20,-0.06486854121441343,0.04317890328030213,-0.144396991952662,0.5035025700752528,9.0
2023-08-21,0.2671762249276877,0.7246085497971111,-0.22983301748790336,0.5040114845431949,29.0
2023-08-22,0.12451561761776936,0.7319830182886194,0.2802649801169391,1.3282242454214446,16.0
2023-08-23,-0.0007446955578344613,0.9792807356280547,0.3265037129742299,1.56927902077644,39.0
2023-08-24,-0.16461978334172406,0.7960961682882041,0.08756293652513279,1.0488133896675915,53.0
2023-08-25,0.04611092948740188,0.770976005615577,0.1827652423665979,1.502233273394827,35.0
2023-08-26,-0.39437425303610973,1.0927890479209137,-0.23577959191867823,0.5018254357191753,26.0
2023-08-27,0.29642906046391465,0.8279435502558578,-0.1552383973197981,0.5955330196030938,11.0
2023-08-28,-0.01145432663441802,1.2882036427961256,0.22897416018238909,1.0326638837014266,26.0
2023-08-29,-0.2886737901780771,1.375334268713675,-0.09000605219779938,1.0087431603650885,30.0
2023-08-30,0.22103605881623026,0.7684280829267922,0.08546018502664128,1.113157637737858,35.0
2023-08-31,0.21640704955490048,0.906669238983163,-0.18262622627807587,0.9639539290541006,28.0
2023-09-01,0.5255026690769686,0.8872045850653545,-0.016805884043231502,0.7308729218080143,20.0
2023-09-02,0.2904558402062196,0.8680759248225973,0.1360179625097236,1.3234386882250802,26.0
2023-09-03,-0.03442923897678746,0.7983887203494623,-0.41615863751427334,0.14153113078494958,17.0
2023-09-04,0.21628604988319505,0.975362639791342,-0.3274614693454428,0.4003207429832091,33.0
2023-09-05,0.28523528700688133,1.0254749075061997,-0.1281670302306368,0.7661467467325734,33.0
2023-09-06,-0.03309266146446038,0.9629194137081217,0.10769096067214562,0.8869532924976832,34.0
2023-09-07,-0.20469280615836621,1.0425458137441606,-0.27331493817849606,0.6112122129816622,40.0
2023-09-08,-0.19156768233531749,0.8651669536873348,-0.17491647267768626,0.6600351430389921,29.0
2023-09-09,-0.30328448600156577,0.8557338551376719,-0.1404992493692102,0.9296037474677203,25.0
2023-09-10,-0.0785562355803255,1.0610255374072088,0.32398011282675415,1.5082630765651244,10.0
2023-09-11,-0.00901153242607867,0.8277155000922736,-0.15515609914717776,0.7908871613764306,26.0
2023-09-12,0.12491475332199696,0.7085216323906686,-0.2914519171770474,0.5105459479903381,27.0
2023-09-13,0.14910052295512746,0.8984554747946231,-0.07252130765543559,0.5443538925823159,19.0
2023-09-14,0.16944528592363262,1.0784922615653698,-0.17346848012520585,0.6524177563684935,39.0
2023-09-15,0.2569785391403766,0.9776670893237684,-0.3087886886524451,0.4218259932341392,27.0
2023-09-16,0.6366931452717031,1.429981655984531,0.20343483606197243,1.068643023973058,8.0
2023-09-17,-0.5977150236618205,0.7740035626240469,0.14637451861437034,0.8905123702440316,11.0
2023-09-18,0.009877070306481672,1.1241253112997387,-0.18552531763672472,0.6466987317398833,23.0
2023-09-19,0.2239499581075508,1.206406106090543,-0.1486922668893577,0.8331461331067744,22.0
2023-09-20,-0.0027994347323649646,0.6506664367633287,-0.2532327066669307,0.5960041643350699,26.0
2023-09-21,-0.08147933670713438,0.9535569471786004,-0.23071109798817271,0.6286932375607768,33.0
2023-09-22,0.2052597444588179,1.004253677638795,0.18276494941357874,1.4289621317689978,18.0
2023-09-23,0.33979159294820993,0.6459421677080143,-0.4741402561819828,0.22328697405061873,7.0
2023-09-24,-0.0475254472844187,0.0,2.177989385067452,3.452600552763668,2.0
2023-09-25,-0.046297551038192684,0.8765340169340994,-0.009019196449670587,0.8643990528597119,23.0
2023-09-26,0.09813011147683184,1.0111468446575647,-0.2932770036306562,0.4312810916911637,50.0
2023-09-27,-0.044203984067759085,1.1087405197075377,0.2049179206945635,1.0931387306762415,42.0
2023-09-28,-0.024870621318053867,0.9261352993563031,0.3180298037449052,1.0348661048008991,35.0
2023-09-29,-0.00910627661029025,0.894299123828405,0.1505839889283604,1.071479014632861,36.0
2023-09-30,0.20057377892713904,1.1743160130041121,-0.3170839632816766,0.28664725186367646,20.0
2023-10-01,0.7716769670906214,1.1224043159096766,-0.10439070833321554,0.4416951471893845,8.0
2023-10-02,-0.2850474291336812,1.3288979313724378,-0.07633931997253933,0.8240834266297615,29.0
2023-10-03,-0.3377226970421206,0.9518648591397677,0.6168186451507118,1.9114834550815425,18.0
2023-10-04,0.34874539063685844,0.8921767322822761,-0.0988677411148302,0.734005548482573,31.0
2023-10-05,0.028949964548253628,1.0456476740204412,-0.013652549898547145,1.2277845470376376,24.0
2023-10-06,-0.3622937016415412,1.1439724278686605,0.4698448424493253,1.544539552585394,23.0
2023-10-07,-0.27960908732596024,0.9945488091375908,0.1543476898394919,1.1985823946209742,25.0
2023-10-08,-0.1252580778043415,0.9852143830899782,-0.3213433357580562,0.10489286748504194,12.0
2023-10-09,-0.07214698008770487,1.0374286798672727,-0.238097595085368,0.5082849973723953,36.0
2023-10-10,0.08449028749881522,0.8481630536024265,0.24713000106535388,1.4865964256416873,37.0
2023-10-11,-0.018312206838314516,0.7703725848801142,0.20085591564776553,1.0842589815144958,43.0
2023-10-12,-0.1277025659494839,0.6421886884763509,0.3694321619692266,1.2657110427625595,69.0
2023-10-13,0.5822218819021767,1.1524055025660223,-0.24395457125173486,0.5186892608296095,19.0
2023-10-14,-0.25129786782406055,0.8711163260019075,-0.21211439037494587,0.5472069842543249,31.0
2023-10-15,-0.3733181948541827,0.9597859395852211,-0.23304979180224117,0.7280133227494717,16.0
2023-10-16,-0.057326685569074345,0.9247519433511951,0.29052009804244483,1.4279394093223536,28.0
2023-10-17,-0.12239847743904739,0.9068895286331976,-0.3189171241459693,0.5270551385515556,30.0
2023-10-18,0.21826595566577828,1.06410417137494,0.016278651401978508,1.0194380991681853,38.0
2023-10-19,-0.24257574238533175,0.8344801320854274,-0.290497563309324,0.3989342555896727,18.0
2023-10-20,-0.16046571359448647,0.9778179600554606,-0.2690171289666783,0.5252438152824455,21.0
2023-10-21,0.2869450174666681,1.0053930475391049,0.5003800191868959,0.9844543014299659,8.0
2023-10-22,-0.6986691944447664,0.30320684492956534,0.425427210766569,0.9741033569652794,2.0
2023-10-23,0.23860556386836987,0.9590398360232242,-0.1771118446869692,0.8239587676626862,14.0
2023-10-24,-0.2863973444548559,1.1829693825275953,0.027991013422111737,1.0324859292975999,37.0
2023-10-25,-0.2666891720106391,1.1589909377859164,0.0631296642340205,1.5279930068055014,26.0
2023-10-26,-0.14193109108530344,1.1505478504540088,-0.10662322359692616,0.7588500586633783,27.0
2023-10-27,0.20033823617454824,1.1667939354206616,-0.1739692542801932,0.81500053768694,50.0
2023-10-28,-0.10373923075862351,1.2610918136103975,-0.2998166619786679,0.29445725621137187,8.0
2023-10-29,0.0162014059347625,0.8469701226379789,0.880813150838806,2.132982137300554,27.0
2023-10-30,-0.619696834161261,1.4182912402542218,0.2798577579200157,1.2692267582522079,47.0
2023-10-31,-0.23595480686726356,1.1640610184779756,-0.020952321060139417,0.7621184351837377,45.0
2023-11-01,-0.031198589743682694,1.2014834343709897,0.010007845134805916,0.9803583472941977,39.0
2023-11-02,0.04972605147793988,1.5660006843230907,0.1781382941496226,1.1213303239826045,29.0
2023-11-03,-0.1796921556614813,1.189885156439944,-0.09243432978275294,0.7057705492612392,51.0
2023-11-04,-0.033270650617699016,0.9306642759656597,0.7358903457490072,1.231111531343571,16.0
2023-11-05,0.11348063809736461,0.35017972937354214,0.13693695432727723,1.0972626087007276,15.0
2023-11-06,0.6182933650505557,0.9390524230249928,0.7153825192745175,1.3575954002544268,13.0
2023-11-07,-0.06578459503532443,1.2187428336708608,-0.17015502107282246,0.7567576763156871,46.0
2023-11-08,-0.10645748054795541,0.9949197078963032,-0.3521526768193855,0.29782105950553994,10.0
2023-11-09,-0.24574942990430482,0.7171374426286838,0.08607948106679819,0.9506468643316277,27.0
2023-11-10,-0.48161631199370536,1.0162166203950762,0.2661901502468631,1.4099336649579557,16.0
2023-11-11,-0.18811449329117064,1.6225698689522778,-0.1495530287238296,0.6712038947429232,18.0
2023-11-12,0.9867135003133973,1.3111422353335405,0.512276570700673,1.3304414207926634,6.0
2023-11-13,0.25751567945776666,1.248057412193782,-0.36271867420739423,0.3200214110564967,17.0
2023-11-14,0.1386445856657833,0.8621127390002781,-0.20385719643666356,0.8094157566638813,21.0
2023-11-15,0.16047388675455973,1.374280306989817,-0.08074283102004429,0.7802299854244892,16.0
2023-11-16,-0.31930159636757155,1.1738111302258178,-0.15888474691415136,0.7193976943421073,15.0
2023-11-17,0.3453859056897817,0.7619859709907865,-0.1360646928537399,1.289148720148252,12.0
2023-11-18,0.15502325759064572,0.3508246478508855,0.6423142861425027,1.5686875247046943,3.0
